"id","ultCot","cod","cotAtual","divYield","ultInsert","ultAt"
"1","2023-01-11","AESB3","9.4","0.9","2023-01-14 14:30:12","2023-01-14 14:30:12"
"2","2023-01-11","RAIL3","18.53","0.1","2023-01-14 14:30:12","2023-01-14 14:30:12"
"3","2023-01-06","DMMO3","1.76","0","2023-01-14 14:30:12","2023-01-14 14:30:12"
"4","2023-01-11","ELMD3","11.68","0","2023-01-14 14:30:12","2023-01-14 14:30:12"
"5","2023-01-11","HAPV3","4.6","0","2023-01-14 14:30:12","2023-01-14 14:30:12"
"6","2023-01-11","TPIS3","0.99","1.9","2023-01-14 14:30:12","2023-01-14 14:30:12"
"7","2023-01-11","YDUQ3","9.7","1.3","2023-01-14 14:30:12","2023-01-14 14:30:12"
"8","2023-01-11","ESPA3","1.54","0","2023-01-14 14:30:12","2023-01-14 14:30:12"
"9","2023-01-11","MGLU3","3.03","0","2023-01-14 14:30:12","2023-01-14 14:30:12"
"10","2022-10-20","MTIG4","23","0","2023-01-14 14:30:12","2023-01-14 14:30:12"
"11","2023-01-11","HBSA3","2.19","0","2023-01-14 14:30:12","2023-01-14 14:30:12"
"12","2023-01-11","ORVR3","35.04","0","2023-01-14 14:30:12","2023-01-14 14:30:12"
"13","2023-01-11","SMFT3","14.84","0","2023-01-14 14:30:12","2023-01-14 14:30:12"
"14","2023-01-10","CBEE3","12.92","0.6","2023-01-14 14:30:12","2023-01-14 14:30:12"
"15","2023-01-11","VIIA3","2.6","0","2023-01-14 14:30:12","2023-01-14 14:30:12"
"16","2023-01-11","AGXY3","9.74","1.7","2023-01-14 14:30:12","2023-01-14 14:30:12"
"17","2023-01-11","GFSA3","14.9","0","2023-01-14 14:30:12","2023-01-14 14:30:12"
"18","2023-01-11","AERI3","1.13","1.8","2023-01-14 14:30:12","2023-01-14 14:30:12"
"19","2023-01-11","DASA3","13.3","0.7","2023-01-14 14:30:12","2023-01-14 14:30:12"
"20","2023-01-11","ZAMP3","5.5","0","2023-01-14 14:30:12","2023-01-14 14:30:12"
"21","2023-01-11","AALR3","21.16","0","2023-01-14 14:30:12","2023-01-14 14:30:12"
"22","2023-01-11","LIGT3","4.77","5.3","2023-01-14 14:30:12","2023-01-14 14:30:12"
"23","2023-01-11","COGN3","2.24","0","2023-01-14 14:30:12","2023-01-14 14:30:12"
"24","2023-01-11","CASH3","1.2","0","2023-01-14 14:30:12","2023-01-14 14:30:12"
"25","2023-01-11","DTCY3","4.98","0","2023-01-14 14:30:12","2023-01-14 14:30:12"
"26","2023-01-11","CEAB3","2.63","0","2023-01-14 14:30:12","2023-01-14 14:30:12"
"27","2023-01-11","NTCO3","12.7","1","2023-01-14 14:30:12","2023-01-14 14:30:12"
"28","2023-01-11","EMBR3","15.59","0","2023-01-14 14:30:12","2023-01-14 14:30:12"
"29","2023-01-11","SHOW3","2.4","0","2023-01-14 14:30:12","2023-01-14 14:30:12"
"30","2023-01-11","MEAL3","2.96","0","2023-01-14 14:30:12","2023-01-14 14:30:12"
"31","2023-01-11","PEAB4","72","2.6","2023-01-14 14:30:12","2023-01-14 14:30:12"
"32","2022-12-23","MSPA4","41","0","2023-01-14 14:30:12","2023-01-14 14:30:12"
"33","2023-01-11","RCSL4","0.6","0","2023-01-14 14:30:12","2023-01-14 14:30:12"
"34","2023-01-11","SEQL3","3.5","0","2023-01-14 14:30:12","2023-01-14 14:30:12"
"35","2023-01-11","BRFS3","8.46","0","2023-01-14 14:30:12","2023-01-14 14:30:12"
"36","2023-01-11","TELB4","10.55","0","2023-01-14 14:30:12","2023-01-14 14:30:12"
"37","2023-01-11","LUPA3","5.3","0","2023-01-14 14:30:12","2023-01-14 14:30:12"
"38","2023-01-11","SEER3","4.13","0","2023-01-14 14:30:12","2023-01-14 14:30:12"
"39","2023-01-05","NORD3","6.5","0","2023-01-14 14:30:12","2023-01-14 14:30:12"
"40","2023-01-10","CRDE3","15.21","0","2023-01-14 14:30:12","2023-01-14 14:30:12"
"41","2022-12-16","AHEB6","19.31","0","2023-01-14 14:30:12","2023-01-14 14:30:12"
"42","2023-01-11","BOBR4","1.22","0","2023-01-14 14:30:12","2023-01-14 14:30:12"
"43","2022-10-26","TCNO4","0.85","0","2023-01-14 14:30:12","2023-01-14 14:30:12"
"44","2023-01-11","ANIM3","3.89","0","2023-01-14 14:30:12","2023-01-14 14:30:12"
"45","2023-01-11","VIVR3","0.57","0","2023-01-14 14:30:12","2023-01-14 14:30:12"
"46","2023-01-11","MBLY3","3.22","0","2023-01-14 14:30:12","2023-01-14 14:30:12"
"47","2023-01-10","CTKA4","9.1","0","2023-01-14 14:30:12","2023-01-14 14:30:12"
"48","2023-01-11","TCSA3","3.05","0","2023-01-14 14:30:12","2023-01-14 14:30:12"
"49","2023-01-11","CVCB3","5.03","0","2023-01-14 14:30:12","2023-01-14 14:30:12"
"50","2023-01-11","ENJU3","1.14","0","2023-01-14 14:30:12","2023-01-14 14:30:12"
"51","2023-01-11","WEST3","1.02","0","2023-01-14 14:30:12","2023-01-14 14:30:12"
"52","2023-01-10","ESTR4","39.99","0","2023-01-14 14:30:12","2023-01-14 14:30:12"
"53","2023-01-11","AMAR3","1.39","0","2023-01-14 14:30:12","2023-01-14 14:30:12"
"54","2023-01-11","ALPK3","1.79","0","2023-01-14 14:30:12","2023-01-14 14:30:12"
"55","2022-11-16","FRIO3","31","0","2023-01-14 14:30:12","2023-01-14 14:30:12"
"56","2023-01-11","AZUL4","12.35","0","2023-01-14 14:30:12","2023-01-14 14:30:12"
"57","2023-01-11","BRPR3","6.22","40.7","2023-01-14 14:30:12","2023-01-14 14:30:12"
"58","2023-01-11","DOTZ3","1.29","0","2023-01-14 14:30:12","2023-01-14 14:30:12"
"59","2023-01-11","CEDO4","3.78","0","2023-01-14 14:30:12","2023-01-14 14:30:12"
"60","2023-01-11","HETA4","4.17","0","2023-01-14 14:30:12","2023-01-14 14:30:12"
"61","2023-01-11","LLIS3","1.77","0","2023-01-14 14:30:12","2023-01-14 14:30:12"
"62","2023-01-11","FRTA3","2.72","0","2023-01-14 14:30:12","2023-01-14 14:30:12"
"63","2023-01-11","PLAS3","9.36","0","2023-01-14 14:30:12","2023-01-14 14:30:12"
"64","2023-01-11","CTSA4","1.68","14.2","2023-01-14 14:30:12","2023-01-14 14:30:12"
"65","2023-01-11","OIBR4","4.87","0","2023-01-14 14:30:12","2023-01-14 14:30:12"
"66","2023-01-11","TXRX4","3.5","0","2023-01-14 14:30:12","2023-01-14 14:30:12"
"67","2023-01-11","TEND3","5.03","0","2023-01-14 14:30:12","2023-01-14 14:30:12"
"68","2023-01-11","GOLL4","8.19","0","2023-01-14 14:30:12","2023-01-14 14:30:12"
"69","2023-01-11","NEXP3","0.32","0","2023-01-14 14:30:12","2023-01-14 14:30:12"
"70","2023-01-11","JFEN3","0.74","0","2023-01-14 14:30:12","2023-01-14 14:30:12"
"71","2023-01-11","AVLL3","7.56","0","2023-01-14 14:30:12","2023-01-14 14:30:12"
"72","2023-01-11","CTNM4","1.82","0","2023-01-14 14:30:12","2023-01-14 14:30:12"
"73","2023-01-11","RSID3","2.88","0","2023-01-14 14:30:12","2023-01-14 14:30:12"
"74","2023-01-11","GSHP3","23.01","0","2023-01-14 14:30:12","2023-01-14 14:30:12"
"75","2023-01-11","SNSY5","3.36","0","2023-01-14 14:30:12","2023-01-14 14:30:12"
"76","2023-01-11","SGPS3","1.3","0","2023-01-14 14:30:12","2023-01-14 14:30:12"
"77","2023-01-11","TEKA4","16.3","0","2023-01-14 14:30:12","2023-01-14 14:30:12"
"78","2023-01-11","ATMP3","1.3","0","2023-01-14 14:30:12","2023-01-14 14:30:12"
"79","2023-01-11","OSXB3","6.38","0","2023-01-14 14:30:12","2023-01-14 14:30:12"
"80","2023-01-11","PDGR3","0.19","0","2023-01-14 14:30:12","2023-01-14 14:30:12"
"81","2023-01-11","SLED4","2.05","0","2023-01-14 14:30:12","2023-01-14 14:30:12"
"82","2023-01-11","HOOT4","1.2","0","2023-01-14 14:30:12","2023-01-14 14:30:12"
"83","2023-01-11","INEP4","1.28","0","2023-01-14 14:30:12","2023-01-14 14:30:12"
"84","2023-01-11","SYNE3","4.22","12.4","2023-01-14 14:30:12","2023-01-14 14:30:12"
"85","2023-01-11","MWET4","10","0","2023-01-14 14:30:12","2023-01-14 14:30:12"
"86","2023-01-11","MGEL4","12.25","0","2023-01-14 14:30:12","2023-01-14 14:30:12"
"87","2023-01-11","MRFG3","8.64","26.3","2023-01-14 14:30:12","2023-01-14 14:30:12"
"88","2023-01-11","PETR4","24.28","68.9","2023-01-14 14:30:12","2023-01-14 14:30:12"
"89","2023-01-11","EUCA4","7.44","10.6","2023-01-14 14:30:12","2023-01-14 14:30:12"
"90","2023-01-11","JBSS3","22.41","9","2023-01-14 14:30:12","2023-01-14 14:30:12"
"91","2023-01-11","RNEW4","2","0","2023-01-14 14:30:12","2023-01-14 14:30:12"
"92","2023-01-06","BDLL4","9","0","2023-01-14 14:30:12","2023-01-14 14:30:12"
"93","2023-01-11","HBRE3","4.61","0","2023-01-14 14:30:12","2023-01-14 14:30:12"
"94","2023-01-11","FHER3","17.6","0","2023-01-14 14:30:12","2023-01-14 14:30:12"
"95","2023-01-11","TASA4","12.93","11.8","2023-01-14 14:30:12","2023-01-14 14:30:12"
"96","2023-01-11","GOAU4","14.04","9.4","2023-01-14 14:30:12","2023-01-14 14:30:12"
"97","2023-01-11","USIM6","12.49","5","2023-01-14 14:30:12","2023-01-14 14:30:12"
"98","2023-01-11","EALT4","6.78","18.5","2023-01-14 14:30:12","2023-01-14 14:30:12"
"99","2023-01-11","MOVI3","8","18.1","2023-01-14 14:30:12","2023-01-14 14:30:12"
"100","2023-01-11","JALL3","7.14","2.5","2023-01-14 14:30:12","2023-01-14 14:30:12"
"101","2023-01-11","BALM4","9.9","3.6","2023-01-14 14:30:12","2023-01-14 14:30:12"
"102","2023-01-11","LOGG3","15.92","5.4","2023-01-14 14:30:12","2023-01-14 14:30:12"
"103","2023-01-11","HAGA4","1.15","0","2023-01-14 14:30:12","2023-01-14 14:30:12"
"104","2023-01-11","GGBR4","32.13","11.6","2023-01-14 14:30:12","2023-01-14 14:30:12"
"105","2023-01-09","TKNO4","70","9.3","2023-01-14 14:30:12","2023-01-14 14:30:12"
"106","2023-01-11","CEBR6","10.75","36.2","2023-01-14 14:30:12","2023-01-14 14:30:12"
"107","2023-01-11","NEOE3","14.9","6.2","2023-01-14 14:30:12","2023-01-14 14:30:12"
"108","2023-01-11","GPAR3","45","50.5","2023-01-14 14:30:12","2023-01-14 14:30:12"
"109","2023-01-11","JHSF3","4.95","4.3","2023-01-14 14:30:12","2023-01-14 14:30:12"
"110","2023-01-11","FESA4","54.78","9.8","2023-01-14 14:30:12","2023-01-14 14:30:12"
"111","2023-01-11","ENAT3","14.36","11.9","2023-01-14 14:30:12","2023-01-14 14:30:12"
"112","2023-01-11","UCAS3","2.45","7.4","2023-01-14 14:30:12","2023-01-14 14:30:12"
"113","2022-08-29","NUTR3","280","0","2023-01-14 14:30:12","2023-01-14 14:30:12"
"114","2023-01-11","MTSA4","41.36","6.4","2023-01-14 14:30:12","2023-01-14 14:30:12"
"115","2023-01-11","UNIP6","80.02","17.1","2023-01-14 14:30:12","2023-01-14 14:30:12"
"116","2023-01-11","DEXP4","6.38","6.4","2023-01-14 14:30:12","2023-01-14 14:30:12"
"117","2023-01-11","MDNE3","5.87","0","2023-01-14 14:30:12","2023-01-14 14:30:12"
"118","2023-01-11","PTNT4","6.58","4.8","2023-01-14 14:30:12","2023-01-14 14:30:12"
"119","2023-01-11","KLBN4","3.98","7.6","2023-01-14 14:30:12","2023-01-14 14:30:12"
"120","2023-01-11","SAPR4","3.55","8.7","2023-01-14 14:30:12","2023-01-14 14:30:12"
"121","2023-01-11","CGRA4","29.05","11.7","2023-01-14 14:30:12","2023-01-14 14:30:12"
"122","2022-11-14","SOND6","32.35","20.5","2023-01-14 14:30:12","2023-01-14 14:30:12"
"123","2023-01-11","AFLT3","9.28","2.5","2023-01-14 14:30:12","2023-01-14 14:30:12"
"124","2023-01-11","PFRM3","3.45","5","2023-01-14 14:30:12","2023-01-14 14:30:12"
"125","2023-01-11","KEPL3","19.5","10.3","2023-01-14 14:30:12","2023-01-14 14:30:12"
"126","2023-01-11","TECN3","2.46","3.5","2023-01-14 14:30:12","2023-01-14 14:30:12"
"127","2022-12-21","CEEB5","31.33","20.2","2023-01-14 14:30:12","2023-01-14 14:30:12"
"128","2023-01-11","RAPT4","8.38","10.3","2023-01-14 14:30:12","2023-01-14 14:30:12"
"129","2023-01-11","ENBR3","20.05","12.7","2023-01-14 14:30:12","2023-01-14 14:30:12"
"130","2023-01-11","DXCO3","7.09","4.2","2023-01-14 14:30:12","2023-01-14 14:30:12"
"131","2023-01-11","CCRO3","11.36","3.3","2023-01-14 14:30:12","2023-01-14 14:30:12"
"132","2023-01-11","ATOM3","2.37","2.6","2023-01-14 14:30:12","2023-01-14 14:30:12"
"133","2023-01-11","RSUL4","59.01","3.3","2023-01-14 14:30:12","2023-01-14 14:30:12"
"134","2023-01-11","POSI3","8.35","4.1","2023-01-14 14:30:12","2023-01-14 14:30:12"
"135","2023-01-11","TRPL4","22.51","4.7","2023-01-14 14:30:12","2023-01-14 14:30:12"
"136","2023-01-11","WLMM4","18.4","6.5","2023-01-14 14:30:12","2023-01-14 14:30:12"
"137","2023-01-11","HBOR3","2.38","7.6","2023-01-14 14:30:12","2023-01-14 14:30:12"
"138","2023-01-11","MELK3","3.2","6.7","2023-01-14 14:30:12","2023-01-14 14:30:12"
"139","2023-01-11","CAML3","7.67","4.8","2023-01-14 14:30:12","2023-01-14 14:30:12"
"140","2023-01-11","BMKS3","311","5.7","2023-01-14 14:30:12","2023-01-14 14:30:12"
"141","2023-01-11","ENGI4","7.16","3.2","2023-01-14 14:30:12","2023-01-14 14:30:12"
"142","2023-01-11","SMTO3","23.85","4.8","2023-01-14 14:30:12","2023-01-14 14:30:12"
"143","2023-01-11","TAEE4","11.6","17.8","2023-01-14 14:30:12","2023-01-14 14:30:12"
"144","2023-01-11","AGRO3","28.37","18.5","2023-01-14 14:30:12","2023-01-14 14:30:12"
"145","2023-01-10","EKTR4","36.74","21.2","2023-01-14 14:30:12","2023-01-14 14:30:12"
"146","2023-01-11","SHUL4","4.88","4.4","2023-01-14 14:30:12","2023-01-14 14:30:12"
"147","2023-01-11","CSUD3","11.47","8.1","2023-01-14 14:30:12","2023-01-14 14:30:12"
"148","2023-01-11","CMIG4","11.68","11.7","2023-01-14 14:30:12","2023-01-14 14:30:12"
"149","2023-01-11","CSRN6","21.99","20.1","2023-01-14 14:30:12","2023-01-14 14:30:12"
"150","2023-01-11","EVEN3","4.9","3.1","2023-01-14 14:30:12","2023-01-14 14:30:12"
"151","2023-01-11","WIZS3","7.02","8.4","2023-01-14 14:30:12","2023-01-14 14:30:12"
"152","2023-01-11","SLCE3","45.5","6.1","2023-01-14 14:30:12","2023-01-14 14:30:12"
"153","2023-01-11","CPFE3","32.56","10","2023-01-14 14:30:12","2023-01-14 14:30:12"
"154","2023-01-11","ALLD3","6.26","14.8","2023-01-14 14:30:12","2023-01-14 14:30:12"
"155","2023-01-11","SBFG3","11.71","1","2023-01-14 14:30:12","2023-01-14 14:30:12"
"156","2023-01-10","CRPG6","29.99","15.9","2023-01-14 14:30:12","2023-01-14 14:30:12"
"157","2023-01-11","PLPL3","4.18","3.9","2023-01-14 14:30:12","2023-01-14 14:30:12"
"158","2023-01-11","PRNR3","8.21","3.6","2023-01-14 14:30:12","2023-01-14 14:30:12"
"159","2023-01-11","EZTC3","13.74","5.8","2023-01-14 14:30:12","2023-01-14 14:30:12"
"160","2023-01-11","QUAL3","6.73","3.8","2023-01-14 14:30:12","2023-01-14 14:30:12"
"161","2023-01-11","DMVF3","4.03","0","2023-01-14 14:30:12","2023-01-14 14:30:12"
"162","2023-01-11","ALUP4","9.41","4.4","2023-01-14 14:30:12","2023-01-14 14:30:12"
"163","2023-01-11","MRVE3","7.82","5.1","2023-01-14 14:30:12","2023-01-14 14:30:12"
"164","2023-01-11","VBBR3","15.04","5.7","2023-01-14 14:30:12","2023-01-14 14:30:12"
"165","2023-01-11","CMIN3","4.52","20.6","2023-01-14 14:30:12","2023-01-14 14:30:12"
"166","2023-01-11","BRKM6","21.89","0","2023-01-14 14:30:12","2023-01-14 14:30:12"
"167","2023-01-11","CSMG3","15.62","2.5","2023-01-14 14:30:12","2023-01-14 14:30:12"
"168","2023-01-11","CSNA3","17.15","14.1","2023-01-14 14:30:12","2023-01-14 14:30:12"
"169","2022-12-14","CEED4","35","0","2023-01-14 14:30:12","2023-01-14 14:30:12"
"170","2023-01-11","LAVV3","5.01","12.3","2023-01-14 14:30:12","2023-01-14 14:30:12"
"171","2023-01-11","TGMA3","18.74","6","2023-01-14 14:30:12","2023-01-14 14:30:12"
"172","2023-01-11","CIEL3","5.11","4.9","2023-01-14 14:30:12","2023-01-14 14:30:12"
"173","2023-01-11","GRND3","6.52","4.7","2023-01-14 14:30:12","2023-01-14 14:30:12"
"174","2023-01-11","CGAS5","130.3","11.8","2023-01-14 14:30:12","2023-01-14 14:30:12"
"175","2023-01-11","PRIO3","39.02","0","2023-01-14 14:30:12","2023-01-14 14:30:12"
"176","2023-01-11","POMO4","2.85","5","2023-01-14 14:30:12","2023-01-14 14:30:12"
"177","2023-01-11","JSLG3","5.7","7.9","2023-01-14 14:30:12","2023-01-14 14:30:12"
"178","2023-01-11","BEEF3","14.49","3.9","2023-01-14 14:30:12","2023-01-14 14:30:12"
"179","2023-01-11","CURY3","12.41","4.2","2023-01-14 14:30:12","2023-01-14 14:30:12"
"180","2023-01-11","SOJA3","10.72","1","2023-01-14 14:30:12","2023-01-14 14:30:12"
"181","2022-12-12","BRGE6","12.01","6.3","2023-01-14 14:30:12","2023-01-14 14:30:12"
"182","2023-01-11","SIMH3","7.26","9","2023-01-14 14:30:12","2023-01-14 14:30:12"
"183","2023-01-11","AZEV4","1.77","0","2023-01-14 14:30:12","2023-01-14 14:30:12"
"184","2023-01-11","OFSA3","26.8","2.5","2023-01-14 14:30:12","2023-01-14 14:30:12"
"185","2023-01-11","VITT3","11.81","3.1","2023-01-14 14:30:12","2023-01-14 14:30:12"
"186","2023-01-11","MILS3","10.27","2.6","2023-01-14 14:30:12","2023-01-14 14:30:12"
"187","2023-01-11","TRIS3","3.7","5.9","2023-01-14 14:30:12","2023-01-14 14:30:12"
"188","2022-12-26","JOPA4","37.4","2.4","2023-01-14 14:30:12","2023-01-14 14:30:12"
"189","2023-01-11","SBSP3","55.83","1.7","2023-01-14 14:30:12","2023-01-14 14:30:12"
"190","2023-01-11","ODPV3","9.85","3.1","2023-01-14 14:30:12","2023-01-14 14:30:12"
"191","2023-01-06","BRML3","8.26","0.6","2023-01-14 14:30:12","2023-01-14 14:30:12"
"192","2023-01-11","DIRR3","15.13","7.7","2023-01-14 14:30:12","2023-01-14 14:30:12"
"193","2023-01-11","CRFB3","14.53","2.3","2023-01-14 14:30:12","2023-01-14 14:30:12"
"194","2023-01-11","TIMS3","11.7","4.9","2023-01-14 14:30:12","2023-01-14 14:30:12"
"195","2023-01-11","EQTL3","27.36","2.3","2023-01-14 14:30:12","2023-01-14 14:30:12"
"196","2023-01-11","PSSA3","23.62","4.9","2023-01-14 14:30:12","2023-01-14 14:30:12"
"197","2023-01-11","WHRL4","4.95","4.2","2023-01-14 14:30:12","2023-01-14 14:30:12"
"198","2023-01-11","MTRE3","4.78","6.9","2023-01-14 14:30:12","2023-01-14 14:30:12"
"199","2023-01-11","ENMT4","82","4.3","2023-01-14 14:30:12","2023-01-14 14:30:12"
"200","2023-01-11","GMAT3","6.37","0","2023-01-14 14:30:12","2023-01-14 14:30:12"
"201","2023-01-11","DOHL4","4.27","3.1","2023-01-14 14:30:12","2023-01-14 14:30:12"
"202","2023-01-11","BMOB3","14.63","1.4","2023-01-14 14:30:12","2023-01-14 14:30:12"
"203","2023-01-11","BLAU3","26.75","3.2","2023-01-14 14:30:12","2023-01-14 14:30:12"
"204","2023-01-11","BOAS3","7.8","3.4","2023-01-14 14:30:12","2023-01-14 14:30:12"
"205","2023-01-11","VIVA3","22.11","0.2","2023-01-14 14:30:12","2023-01-14 14:30:12"
"206","2023-01-11","PARD3","21.26","3","2023-01-14 14:30:12","2023-01-14 14:30:12"
"207","2023-01-11","RDNI3","6.45","0.9","2023-01-14 14:30:12","2023-01-14 14:30:12"
"208","2022-10-28","PATI4","51.99","5.6","2023-01-14 14:30:12","2023-01-14 14:30:12"
"209","2023-01-11","STBP3","8.14","8.1","2023-01-14 14:30:12","2023-01-14 14:30:12"
"210","2023-01-11","GEPA4","26.4","9.1","2023-01-14 14:30:12","2023-01-14 14:30:12"
"211","2023-01-11","FLRY3","15.96","5.4","2023-01-14 14:30:12","2023-01-14 14:30:12"
"212","2022-03-07","EQPA6","10.69","8.3","2023-01-14 14:30:12","2023-01-14 14:30:12"
"213","2023-01-11","EGIE3","38.87","7.7","2023-01-14 14:30:12","2023-01-14 14:30:12"
"214","2023-01-11","ABEV3","14.29","5.3","2023-01-14 14:30:12","2023-01-14 14:30:12"
"215","2023-01-11","TFCO4","10.54","1.7","2023-01-14 14:30:12","2023-01-14 14:30:12"
"216","2022-07-01","LCAM3","24.15","5.1","2023-01-14 14:30:12","2023-01-14 14:30:12"
"217","2023-01-11","HYPE3","45.03","2.7","2023-01-14 14:30:12","2023-01-14 14:30:12"
"218","2023-01-11","MULT3","22.72","3.2","2023-01-14 14:30:12","2023-01-14 14:30:12"
"219","2023-01-11","ENEV3","12.66","0","2023-01-14 14:30:12","2023-01-14 14:30:12"
"220","2023-01-11","MDIA3","34.51","5.6","2023-01-14 14:30:12","2023-01-14 14:30:12"
"221","2023-01-11","B3SA3","13.45","3.6","2023-01-14 14:30:12","2023-01-14 14:30:12"
"222","2023-01-11","ASAI3","19.76","0.8","2023-01-14 14:30:12","2023-01-14 14:30:12"
"223","2023-01-11","PGMN3","4.49","0","2023-01-14 14:30:12","2023-01-14 14:30:12"
"224","2023-01-11","ARZZ3","79","2.3","2023-01-14 14:30:12","2023-01-14 14:30:12"
"225","2023-01-11","ELET6","43.91","2.4","2023-01-14 14:30:12","2023-01-14 14:30:12"
"226","2023-01-11","CSAN3","17.4","2.5","2023-01-14 14:30:12","2023-01-14 14:30:12"
"227","2023-01-11","ECOR3","4.86","0.2","2023-01-14 14:30:12","2023-01-14 14:30:12"
"228","2022-05-27","EEEL4","410","33.9","2023-01-14 14:30:12","2023-01-14 14:30:12"
"229","2023-01-11","EMAE4","66","1.3","2023-01-14 14:30:12","2023-01-14 14:30:12"
"230","2023-01-11","ALPA4","15.13","0","2023-01-14 14:30:12","2023-01-14 14:30:12"
"231","2022-12-27","HBTS5","29","4","2023-01-14 14:30:12","2023-01-14 14:30:12"
"232","2023-01-11","CPLE6","7.79","11.4","2023-01-14 14:30:12","2023-01-14 14:30:12"
"233","2023-01-11","VLID3","9.11","3","2023-01-14 14:30:12","2023-01-14 14:30:12"
"234","2023-01-11","INTB3","32.19","1.1","2023-01-14 14:30:12","2023-01-14 14:30:12"
"235","2023-01-11","LPSB3","2.17","3.5","2023-01-14 14:30:12","2023-01-14 14:30:12"
"236","2023-01-11","VAMO3","13.21","2","2023-01-14 14:30:12","2023-01-14 14:30:12"
"237","2022-03-25","CESP6","25.25","0","2023-01-14 14:30:12","2023-01-14 14:30:12"
"238","2023-01-11","AMBP3","21.1","1.4","2023-01-14 14:30:12","2023-01-14 14:30:12"
"239","2023-01-11","SOMA3","10.2","0.9","2023-01-14 14:30:12","2023-01-14 14:30:12"
"240","2023-01-11","LOGN3","34.6","0","2023-01-14 14:30:12","2023-01-14 14:30:12"
"241","2023-01-11","APER3","27.26","0.2","2023-01-14 14:30:12","2023-01-14 14:30:12"
"242","2023-01-11","RAIZ4","3.58","4.1","2023-01-14 14:30:12","2023-01-14 14:30:12"
"243","2023-01-11","RENT3","55.02","2.1","2023-01-14 14:30:12","2023-01-14 14:30:12"
"244","2023-01-11","CSED3","3.79","3.5","2023-01-14 14:30:12","2023-01-14 14:30:12"
"245","2023-01-11","ARML3","11.99","3.4","2023-01-14 14:30:12","2023-01-14 14:30:12"
"246","2023-01-11","ALSO3","18.29","0.9","2023-01-14 14:30:12","2023-01-14 14:30:12"
"247","2023-01-11","TOTS3","29.15","1.1","2023-01-14 14:30:12","2023-01-14 14:30:12"
"248","2022-10-26","CEPE6","43","9.6","2023-01-14 14:30:12","2023-01-14 14:30:12"
"249","2023-01-11","RRRP3","44.41","0","2023-01-14 14:30:12","2023-01-14 14:30:12"
"250","2023-01-11","SQIA3","15.91","0.4","2023-01-14 14:30:12","2023-01-14 14:30:12"
"251","2023-01-11","RADL3","24.27","1","2023-01-14 14:30:12","2023-01-14 14:30:12"
"252","2023-01-11","RDOR3","27.4","1.3","2023-01-14 14:30:12","2023-01-14 14:30:12"
"253","2022-04-06","CEGR3","89","0.8","2023-01-14 14:30:12","2023-01-14 14:30:12"
"254","2022-12-07","BAUH4","83.89","0","2023-01-14 14:30:12","2023-01-14 14:30:12"
"255","2023-01-11","PETZ3","6.39","0.3","2023-01-14 14:30:12","2023-01-14 14:30:12"
"256","2022-12-28","LUXM4","81.99","0.8","2023-01-14 14:30:12","2023-01-14 14:30:12"
"257","2023-01-10","MOAR3","450","3.3","2023-01-14 14:30:12","2023-01-14 14:30:12"
"258","2022-12-23","SULA4","7.63","0.3","2023-01-14 14:30:12","2023-01-14 14:30:12"
"259","2023-01-11","PDTC3","2.99","0","2023-01-14 14:30:12","2023-01-14 14:30:12"
"260","2022-08-22","CASN3","12.81","0.3","2023-01-14 14:30:12","2023-01-14 14:30:12"
"261","2023-01-11","AMER3","12","5.2","2023-01-14 14:30:12","2023-01-14 14:30:12"
"262","2023-01-11","LJQQ3","4.22","0","2023-01-14 14:30:12","2023-01-14 14:30:12"
"263","2023-01-11","NGRD3","1.61","0.9","2023-01-14 14:30:12","2023-01-14 14:30:12"
"264","2023-01-11","IGTI3","2.58","1","2023-01-14 14:30:12","2023-01-14 14:30:12"
"265","2023-01-11","LWSA3","6.6","0","2023-01-14 14:30:12","2023-01-14 14:30:12"
"266","2023-01-12","AESB3","9.4","0.9","2023-01-14 14:30:12","2023-01-14 14:30:12"
"267","2023-01-12","RAIL3","18.67","0.1","2023-01-14 14:30:12","2023-01-14 14:30:12"
"268","2023-01-12","ELMD3","11.74","0","2023-01-14 14:30:12","2023-01-14 14:30:12"
"269","2023-01-12","HAPV3","4.35","0","2023-01-14 14:30:12","2023-01-14 14:30:12"
"270","2023-01-12","YDUQ3","9.58","1.3","2023-01-14 14:30:12","2023-01-14 14:30:12"
"271","2023-01-12","TPIS3","0.95","2","2023-01-14 14:30:12","2023-01-14 14:30:12"
"272","2023-01-12","MGLU3","3.19","0","2023-01-14 14:30:12","2023-01-14 14:30:12"
"273","2023-01-12","ESPA3","1.43","0","2023-01-14 14:30:12","2023-01-14 14:30:12"
"274","2023-01-12","HBSA3","2.15","0","2023-01-14 14:30:12","2023-01-14 14:30:12"
"275","2023-01-12","ORVR3","36.09","0","2023-01-14 14:30:12","2023-01-14 14:30:12"
"276","2023-01-12","SMFT3","14.9","0","2023-01-14 14:30:12","2023-01-14 14:30:12"
"277","2023-01-12","AERI3","1.28","1.6","2023-01-14 14:30:12","2023-01-14 14:30:12"
"278","2023-01-12","VIIA3","2.46","0","2023-01-14 14:30:12","2023-01-14 14:30:12"
"279","2023-01-12","AGXY3","9.75","1.7","2023-01-14 14:30:12","2023-01-14 14:30:12"
"280","2023-01-12","GFSA3","13.22","0","2023-01-14 14:30:12","2023-01-14 14:30:12"
"281","2023-01-12","DASA3","13.16","0.7","2023-01-14 14:30:12","2023-01-14 14:30:12"
"282","2023-01-12","ZAMP3","5.23","0","2023-01-14 14:30:12","2023-01-14 14:30:12"
"283","2023-01-12","AALR3","21.02","0","2023-01-14 14:30:12","2023-01-14 14:30:12"
"284","2023-01-12","LIGT3","4.56","5.6","2023-01-14 14:30:12","2023-01-14 14:30:12"
"285","2023-01-12","COGN3","2.2","0","2023-01-14 14:30:12","2023-01-14 14:30:12"
"286","2023-01-12","CASH3","1.13","0","2023-01-14 14:30:12","2023-01-14 14:30:12"
"287","2023-01-12","CEAB3","2.55","0","2023-01-14 14:30:12","2023-01-14 14:30:12"
"288","2023-01-12","NTCO3","12.34","1.1","2023-01-14 14:30:12","2023-01-14 14:30:12"
"289","2023-01-12","EMBR3","15.71","0","2023-01-14 14:30:12","2023-01-14 14:30:12"
"290","2023-01-12","SHOW3","2.35","0","2023-01-14 14:30:12","2023-01-14 14:30:12"
"291","2023-01-12","MEAL3","2.84","0","2023-01-14 14:30:12","2023-01-14 14:30:12"
"292","2023-01-12","RCSL4","0.59","0","2023-01-14 14:30:12","2023-01-14 14:30:12"
"293","2023-01-12","BRFS3","8.56","0","2023-01-14 14:30:12","2023-01-14 14:30:12"
"294","2023-01-12","SEQL3","3.38","0","2023-01-14 14:30:12","2023-01-14 14:30:12"
"295","2023-01-12","LUPA3","5.45","0","2023-01-14 14:30:12","2023-01-14 14:30:12"
"296","2023-01-12","SEER3","4.35","0","2023-01-14 14:30:12","2023-01-14 14:30:12"
"297","2023-01-12","TELB4","9.85","0","2023-01-14 14:30:12","2023-01-14 14:30:12"
"298","2023-01-12","BOBR4","1.23","0","2023-01-14 14:30:12","2023-01-14 14:30:12"
"299","2023-01-12","NORD3","5.8","0","2023-01-14 14:30:12","2023-01-14 14:30:12"
"300","2023-01-12","ANIM3","3.91","0","2023-01-14 14:30:12","2023-01-14 14:30:12"
"301","2023-01-12","MBLY3","3.35","0","2023-01-14 14:30:12","2023-01-14 14:30:12"
"302","2023-01-12","VIVR3","0.52","0","2023-01-14 14:30:12","2023-01-14 14:30:12"
"303","2023-01-12","CTKA4","8.5","0","2023-01-14 14:30:12","2023-01-14 14:30:12"
"304","2023-01-12","TCSA3","2.93","0","2023-01-14 14:30:12","2023-01-14 14:30:12"
"305","2023-01-12","CVCB3","4.89","0","2023-01-14 14:30:12","2023-01-14 14:30:12"
"306","2023-01-12","ENJU3","1.12","0","2023-01-14 14:30:12","2023-01-14 14:30:12"
"307","2023-01-12","WEST3","1","0","2023-01-14 14:30:12","2023-01-14 14:30:12"
"308","2023-01-12","ALPK3","1.75","0","2023-01-14 14:30:12","2023-01-14 14:30:12"
"309","2023-01-12","AMAR3","1.35","0","2023-01-14 14:30:12","2023-01-14 14:30:12"
"310","2023-01-12","DOTZ3","1.31","0","2023-01-14 14:30:12","2023-01-14 14:30:12"
"311","2023-01-12","AZUL4","12.32","0","2023-01-14 14:30:12","2023-01-14 14:30:12"
"312","2023-01-12","BRPR3","6.08","41.6","2023-01-14 14:30:12","2023-01-14 14:30:12"
"313","2023-01-12","CEDO4","3.71","0","2023-01-14 14:30:12","2023-01-14 14:30:12"
"314","2023-01-12","HETA4","4.14","0","2023-01-14 14:30:12","2023-01-14 14:30:12"
"315","2023-01-12","LLIS3","1.69","0","2023-01-14 14:30:12","2023-01-14 14:30:12"
"316","2023-01-12","PLAS3","9.6","0","2023-01-14 14:30:12","2023-01-14 14:30:12"
"317","2023-01-12","CTSA4","1.61","14.8","2023-01-14 14:30:12","2023-01-14 14:30:12"
"318","2023-01-12","OIBR4","4.3","0","2023-01-14 14:30:12","2023-01-14 14:30:12"
"319","2023-01-12","TXRX4","3.4","0","2023-01-14 14:30:12","2023-01-14 14:30:12"
"320","2023-01-12","GOLL4","8.27","0","2023-01-14 14:30:12","2023-01-14 14:30:12"
"321","2023-01-12","TEND3","4.7","0","2023-01-14 14:30:12","2023-01-14 14:30:12"
"322","2023-01-12","NEXP3","0.32","0","2023-01-14 14:30:12","2023-01-14 14:30:12"
"323","2023-01-12","JFEN3","0.7","0","2023-01-14 14:30:12","2023-01-14 14:30:12"
"324","2023-01-12","AVLL3","8.49","0","2023-01-14 14:30:12","2023-01-14 14:30:12"
"325","2023-01-12","CTNM4","1.76","0","2023-01-14 14:30:12","2023-01-14 14:30:12"
"326","2023-01-12","RSID3","2.7","0","2023-01-14 14:30:12","2023-01-14 14:30:12"
"327","2023-01-12","SNSY5","2.98","0","2023-01-14 14:30:12","2023-01-14 14:30:12"
"328","2023-01-12","SGPS3","1.21","0","2023-01-14 14:30:12","2023-01-14 14:30:12"
"329","2023-01-12","TEKA4","17.25","0","2023-01-14 14:30:12","2023-01-14 14:30:12"
"330","2023-01-12","ATMP3","1.2","0","2023-01-14 14:30:12","2023-01-14 14:30:12"
"331","2023-01-12","OSXB3","6.3","0","2023-01-14 14:30:12","2023-01-14 14:30:12"
"332","2023-01-12","PDGR3","0.17","0","2023-01-14 14:30:12","2023-01-14 14:30:12"
"333","2023-01-12","SLED4","1.92","0","2023-01-14 14:30:12","2023-01-14 14:30:12"
"334","2023-01-12","HOOT4","1.12","0","2023-01-14 14:30:12","2023-01-14 14:30:12"
"335","2023-01-12","INEP4","1.25","0","2023-01-14 14:30:12","2023-01-14 14:30:12"
"336","2023-01-12","SYNE3","4.11","12.8","2023-01-14 14:30:12","2023-01-14 14:30:12"
"337","2023-01-12","MWET4","9.98","0","2023-01-14 14:30:12","2023-01-14 14:30:12"
"338","2023-01-12","MGEL4","13.37","0","2023-01-14 14:30:12","2023-01-14 14:30:12"
"339","2023-01-12","MRFG3","8.64","26.3","2023-01-14 14:30:12","2023-01-14 14:30:12"
"340","2023-01-12","PETR4","24.63","68","2023-01-14 14:30:12","2023-01-14 14:30:12"
"341","2023-01-12","EUCA4","7.68","10.3","2023-01-14 14:30:12","2023-01-14 14:30:12"
"342","2023-01-12","JBSS3","22.03","9.1","2023-01-14 14:30:12","2023-01-14 14:30:12"
"343","2023-01-12","RNEW4","1.97","0","2023-01-14 14:30:12","2023-01-14 14:30:12"
"344","2023-01-12","BDLL4","8.89","0","2023-01-14 14:30:12","2023-01-14 14:30:12"
"345","2023-01-12","HBRE3","4.58","0","2023-01-14 14:30:12","2023-01-14 14:30:12"
"346","2023-01-12","FHER3","17.27","0","2023-01-14 14:30:12","2023-01-14 14:30:12"
"347","2023-01-12","TASA4","12.9","11.8","2023-01-14 14:30:12","2023-01-14 14:30:12"
"348","2023-01-12","GOAU4","14.13","9.3","2023-01-14 14:30:12","2023-01-14 14:30:12"
"349","2023-01-12","MOVI3","7.81","18.5","2023-01-14 14:30:12","2023-01-14 14:30:12"
"350","2023-01-12","EALT4","6.79","18.5","2023-01-14 14:30:12","2023-01-14 14:30:12"
"351","2023-01-12","JALL3","7.04","2.5","2023-01-14 14:30:12","2023-01-14 14:30:12"
"352","2023-01-12","HAGA4","1.13","0","2023-01-14 14:30:12","2023-01-14 14:30:12"
"353","2023-01-12","BALM4","9.95","3.6","2023-01-14 14:30:12","2023-01-14 14:30:12"
"354","2023-01-12","LOGG3","15.94","5.4","2023-01-14 14:30:12","2023-01-14 14:30:12"
"355","2023-01-12","CEBR6","10.47","37.2","2023-01-14 14:30:12","2023-01-14 14:30:12"
"356","2023-01-12","GGBR4","32.25","11.6","2023-01-14 14:30:12","2023-01-14 14:30:12"
"357","2023-01-12","NEOE3","14.74","6.2","2023-01-14 14:30:12","2023-01-14 14:30:12"
"358","2023-01-12","JHSF3","4.89","4.3","2023-01-14 14:30:12","2023-01-14 14:30:12"
"359","2023-01-12","DEXP4","5.9","6.9","2023-01-14 14:30:12","2023-01-14 14:30:12"
"360","2023-01-12","UCAS3","2.39","7.6","2023-01-14 14:30:12","2023-01-14 14:30:12"
"361","2023-01-12","ENAT3","14.45","11.8","2023-01-14 14:30:12","2023-01-14 14:30:12"
"362","2023-01-12","FESA4","56.3","9.6","2023-01-14 14:30:12","2023-01-14 14:30:12"
"363","2023-01-12","MTSA4","40.8","6.5","2023-01-14 14:30:12","2023-01-14 14:30:12"
"364","2023-01-12","UNIP6","80","17.1","2023-01-14 14:30:12","2023-01-14 14:30:12"
"365","2023-01-12","PTNT4","6.57","4.9","2023-01-14 14:30:12","2023-01-14 14:30:12"
"366","2023-01-12","MDNE3","5.9","0","2023-01-14 14:30:12","2023-01-14 14:30:12"
"367","2023-01-12","KLBN4","4","7.5","2023-01-14 14:30:12","2023-01-14 14:30:12"
"368","2023-01-12","SAPR4","3.52","8.7","2023-01-14 14:30:12","2023-01-14 14:30:12"
"369","2023-01-12","CGRA4","28.9","11.7","2023-01-14 14:30:12","2023-01-14 14:30:12"
"370","2023-01-12","AFLT3","9.17","2.6","2023-01-14 14:30:12","2023-01-14 14:30:12"
"371","2023-01-12","PFRM3","3.41","5.1","2023-01-14 14:30:12","2023-01-14 14:30:12"
"372","2023-01-12","TECN3","2.43","3.5","2023-01-14 14:30:12","2023-01-14 14:30:12"
"373","2023-01-12","KEPL3","19.88","10.1","2023-01-14 14:30:12","2023-01-14 14:30:12"
"374","2023-01-12","RAPT4","8.4","10.2","2023-01-14 14:30:12","2023-01-14 14:30:12"
"375","2023-01-12","ENBR3","19.98","12.8","2023-01-14 14:30:12","2023-01-14 14:30:12"
"376","2023-01-12","DXCO3","7.09","4.2","2023-01-14 14:30:12","2023-01-14 14:30:12"
"377","2023-01-12","ATOM3","2.33","2.6","2023-01-14 14:30:12","2023-01-14 14:30:12"
"378","2023-01-12","CCRO3","11.65","3.3","2023-01-14 14:30:12","2023-01-14 14:30:12"
"379","2023-01-12","POSI3","8.19","4.2","2023-01-14 14:30:12","2023-01-14 14:30:12"
"380","2023-01-12","RSUL4","59.75","3.3","2023-01-14 14:30:12","2023-01-14 14:30:12"
"381","2023-01-12","TRPL4","22.71","4.7","2023-01-14 14:30:12","2023-01-14 14:30:12"
"382","2023-01-12","HBOR3","2.34","7.7","2023-01-14 14:30:12","2023-01-14 14:30:12"
"383","2023-01-12","WLMM4","18.27","6.5","2023-01-14 14:30:12","2023-01-14 14:30:12"
"384","2023-01-12","MELK3","3.2","6.7","2023-01-14 14:30:12","2023-01-14 14:30:12"
"385","2023-01-12","CAML3","7.56","4.9","2023-01-14 14:30:12","2023-01-14 14:30:12"
"386","2023-01-12","SMTO3","23.12","4.9","2023-01-14 14:30:12","2023-01-14 14:30:12"
"387","2023-01-12","BMKS3","313","5.7","2023-01-14 14:30:12","2023-01-14 14:30:12"
"388","2023-01-12","EKTR4","34.41","22.6","2023-01-14 14:30:12","2023-01-14 14:30:12"
"389","2023-01-12","TAEE4","11.66","17.7","2023-01-14 14:30:12","2023-01-14 14:30:12"
"390","2023-01-12","ENGI4","7.5","3.1","2023-01-14 14:30:12","2023-01-14 14:30:12"
"391","2023-01-12","AGRO3","27.92","18.8","2023-01-14 14:30:12","2023-01-14 14:30:12"
"392","2023-01-12","CMIG4","11.57","11.8","2023-01-14 14:30:12","2023-01-14 14:30:12"
"393","2023-01-12","CSUD3","11.43","8.2","2023-01-14 14:30:12","2023-01-14 14:30:12"
"394","2023-01-12","EVEN3","4.82","3.1","2023-01-14 14:30:12","2023-01-14 14:30:12"
"395","2023-01-12","WIZS3","6.85","8.6","2023-01-14 14:30:12","2023-01-14 14:30:12"
"396","2023-01-12","SHUL4","4.92","4.4","2023-01-14 14:30:12","2023-01-14 14:30:12"
"397","2023-01-12","SLCE3","45.85","6","2023-01-14 14:30:12","2023-01-14 14:30:12"
"398","2023-01-12","CPFE3","32.3","10","2023-01-14 14:30:12","2023-01-14 14:30:12"
"399","2023-01-12","ALLD3","5.95","15.5","2023-01-14 14:30:12","2023-01-14 14:30:12"
"400","2023-01-12","SBFG3","11","1.1","2023-01-14 14:30:12","2023-01-14 14:30:12"
"401","2023-01-12","PRNR3","7.99","3.7","2023-01-14 14:30:12","2023-01-14 14:30:12"
"402","2023-01-12","QUAL3","6.42","4","2023-01-14 14:30:12","2023-01-14 14:30:12"
"403","2023-01-12","PLPL3","4.15","3.9","2023-01-14 14:30:12","2023-01-14 14:30:12"
"404","2023-01-12","EZTC3","13.78","5.8","2023-01-14 14:30:12","2023-01-14 14:30:12"
"405","2023-01-12","MRVE3","7.59","5.2","2023-01-14 14:30:12","2023-01-14 14:30:12"
"406","2023-01-12","DMVF3","3.97","0","2023-01-14 14:30:12","2023-01-14 14:30:12"
"407","2023-01-12","VBBR3","15.1","5.7","2023-01-14 14:30:12","2023-01-14 14:30:12"
"408","2023-01-12","CMIN3","4.53","20.5","2023-01-14 14:30:12","2023-01-14 14:30:12"
"409","2023-01-12","ALUP4","9.68","4.2","2023-01-14 14:30:12","2023-01-14 14:30:12"
"410","2023-01-12","CSMG3","15.46","2.5","2023-01-14 14:30:12","2023-01-14 14:30:12"
"411","2023-01-12","CSNA3","16.93","14.3","2023-01-14 14:30:12","2023-01-14 14:30:12"
"412","2023-01-12","TGMA3","18.63","6","2023-01-14 14:30:12","2023-01-14 14:30:12"
"413","2023-01-12","CIEL3","4.96","5.1","2023-01-14 14:30:12","2023-01-14 14:30:12"
"414","2023-01-12","LAVV3","5.1","12.1","2023-01-14 14:30:12","2023-01-14 14:30:12"
"415","2023-01-12","GRND3","6.59","4.6","2023-01-14 14:30:12","2023-01-14 14:30:12"
"416","2023-01-12","CGAS5","130.5","11.8","2023-01-14 14:30:12","2023-01-14 14:30:12"
"417","2023-01-12","JSLG3","5.61","8.1","2023-01-14 14:30:12","2023-01-14 14:30:12"
"418","2023-01-12","PRIO3","39.75","0","2023-01-14 14:30:12","2023-01-14 14:30:12"
"419","2023-01-12","BRKM6","24.98","0","2023-01-14 14:30:12","2023-01-14 14:30:12"
"420","2023-01-12","POMO4","2.87","4.9","2023-01-14 14:30:12","2023-01-14 14:30:12"
"421","2023-01-12","BEEF3","14.57","3.9","2023-01-14 14:30:12","2023-01-14 14:30:12"
"422","2023-01-12","CURY3","12.61","4.1","2023-01-14 14:30:12","2023-01-14 14:30:12"
"423","2023-01-12","SOJA3","10.92","1","2023-01-14 14:30:12","2023-01-14 14:30:12"
"424","2023-01-12","SIMH3","7.04","9.3","2023-01-14 14:30:12","2023-01-14 14:30:12"
"425","2023-01-12","BRGE6","12.02","6.3","2023-01-14 14:30:12","2023-01-14 14:30:12"
"426","2023-01-12","AZEV4","1.71","0","2023-01-14 14:30:12","2023-01-14 14:30:12"
"427","2023-01-12","MILS3","9.99","2.6","2023-01-14 14:30:12","2023-01-14 14:30:12"
"428","2023-01-12","TRIS3","3.59","6.1","2023-01-14 14:30:12","2023-01-14 14:30:12"
"429","2023-01-12","OFSA3","26.75","2.5","2023-01-14 14:30:12","2023-01-14 14:30:12"
"430","2023-01-12","VITT3","11.83","3.1","2023-01-14 14:30:12","2023-01-14 14:30:12"
"431","2023-01-12","SBSP3","55.17","1.7","2023-01-14 14:30:12","2023-01-14 14:30:12"
"432","2023-01-12","DIRR3","15.12","7.7","2023-01-14 14:30:12","2023-01-14 14:30:12"
"433","2023-01-12","CRFB3","14.4","2.3","2023-01-14 14:30:12","2023-01-14 14:30:12"
"434","2023-01-12","ODPV3","10.2","3","2023-01-14 14:30:12","2023-01-14 14:30:12"
"435","2023-01-12","EQTL3","27.55","2.3","2023-01-14 14:30:12","2023-01-14 14:30:12"
"436","2023-01-12","TIMS3","11.86","4.9","2023-01-14 14:30:12","2023-01-14 14:30:12"
"437","2023-01-12","WHRL4","4.9","4.2","2023-01-14 14:30:12","2023-01-14 14:30:12"
"438","2023-01-12","PSSA3","23.44","4.9","2023-01-14 14:30:12","2023-01-14 14:30:12"
"439","2023-01-12","GMAT3","6.16","0","2023-01-14 14:30:12","2023-01-14 14:30:12"
"440","2023-01-12","DOHL4","4.25","3.1","2023-01-14 14:30:12","2023-01-14 14:30:12"
"441","2023-01-12","BMOB3","14.46","1.4","2023-01-14 14:30:12","2023-01-14 14:30:12"
"442","2023-01-12","MTRE3","5.2","6.3","2023-01-14 14:30:12","2023-01-14 14:30:12"
"443","2023-01-12","BLAU3","26.74","3.2","2023-01-14 14:30:12","2023-01-14 14:30:12"
"444","2023-01-12","BOAS3","7.76","3.4","2023-01-14 14:30:12","2023-01-14 14:30:12"
"445","2023-01-12","VIVA3","21.79","0.2","2023-01-14 14:30:12","2023-01-14 14:30:12"
"446","2023-01-12","PARD3","21.2","3","2023-01-14 14:30:12","2023-01-14 14:30:12"
"447","2023-01-12","GEPA4","25.61","9.4","2023-01-14 14:30:12","2023-01-14 14:30:12"
"448","2023-01-12","FLRY3","15.81","5.5","2023-01-14 14:30:12","2023-01-14 14:30:12"
"449","2023-01-12","RDNI3","6.58","0.9","2023-01-14 14:30:12","2023-01-14 14:30:12"
"450","2023-01-12","ABEV3","14.1","5.4","2023-01-14 14:30:12","2023-01-14 14:30:12"
"451","2023-01-12","EGIE3","38.81","7.7","2023-01-14 14:30:12","2023-01-14 14:30:12"
"452","2023-01-12","STBP3","8.34","7.9","2023-01-14 14:30:12","2023-01-14 14:30:12"
"453","2023-01-12","TFCO4","10.52","1.7","2023-01-14 14:30:12","2023-01-14 14:30:12"
"454","2023-01-12","HYPE3","45.11","2.7","2023-01-14 14:30:12","2023-01-14 14:30:12"
"455","2023-01-12","MULT3","22.32","3.2","2023-01-14 14:30:12","2023-01-14 14:30:12"
"456","2023-01-12","MDIA3","34.39","5.7","2023-01-14 14:30:12","2023-01-14 14:30:12"
"457","2023-01-12","B3SA3","13.37","3.6","2023-01-14 14:30:12","2023-01-14 14:30:12"
"458","2023-01-12","ENEV3","12.65","0","2023-01-14 14:30:12","2023-01-14 14:30:12"
"459","2023-01-12","PGMN3","4.37","0","2023-01-14 14:30:12","2023-01-14 14:30:12"
"460","2023-01-12","ASAI3","20","0.8","2023-01-14 14:30:12","2023-01-14 14:30:12"
"461","2023-01-12","ARZZ3","79.6","2.3","2023-01-14 14:30:12","2023-01-14 14:30:12"
"462","2023-01-12","ELET6","43.88","2.4","2023-01-14 14:30:12","2023-01-14 14:30:12"
"463","2023-01-12","ECOR3","4.67","0.2","2023-01-14 14:30:12","2023-01-14 14:30:12"
"464","2023-01-12","CSAN3","17.69","2.4","2023-01-14 14:30:12","2023-01-14 14:30:12"
"465","2023-01-12","ALPA4","14.51","0","2023-01-14 14:30:12","2023-01-14 14:30:12"
"466","2023-01-12","EMAE4","65.93","1.3","2023-01-14 14:30:12","2023-01-14 14:30:12"
"467","2023-01-12","CPLE6","7.73","11.5","2023-01-14 14:30:12","2023-01-14 14:30:12"
"468","2023-01-12","LPSB3","2.1","3.6","2023-01-14 14:30:12","2023-01-14 14:30:12"
"469","2023-01-12","VAMO3","12.85","2","2023-01-14 14:30:12","2023-01-14 14:30:12"
"470","2023-01-12","VLID3","9.01","3","2023-01-14 14:30:12","2023-01-14 14:30:12"
"471","2023-01-12","INTB3","31.94","1.1","2023-01-14 14:30:12","2023-01-14 14:30:12"
"472","2023-01-12","SOMA3","9.97","0.9","2023-01-14 14:30:12","2023-01-14 14:30:12"
"473","2023-01-12","AMBP3","21.05","1.4","2023-01-14 14:30:12","2023-01-14 14:30:12"
"474","2023-01-12","LOGN3","35.09","0","2023-01-14 14:30:12","2023-01-14 14:30:12"
"475","2023-01-12","RAIZ4","3.49","4.2","2023-01-14 14:30:12","2023-01-14 14:30:12"
"476","2023-01-12","APER3","28.1","0.2","2023-01-14 14:30:12","2023-01-14 14:30:12"
"477","2023-01-12","RENT3","54.53","2.2","2023-01-14 14:30:12","2023-01-14 14:30:12"
"478","2023-01-12","CSED3","3.7","3.5","2023-01-14 14:30:12","2023-01-14 14:30:12"
"479","2023-01-12","ARML3","11.95","3.4","2023-01-14 14:30:12","2023-01-14 14:30:12"
"480","2023-01-12","ALSO3","18","1","2023-01-14 14:30:12","2023-01-14 14:30:12"
"481","2023-01-12","TOTS3","28.59","1.1","2023-01-14 14:30:12","2023-01-14 14:30:12"
"482","2023-01-12","RRRP3","44.9","0","2023-01-14 14:30:12","2023-01-14 14:30:12"
"483","2023-01-12","SQIA3","15.87","0.4","2023-01-14 14:30:12","2023-01-14 14:30:12"
"484","2023-01-12","RDOR3","26.85","1.3","2023-01-14 14:30:12","2023-01-14 14:30:12"
"485","2023-01-12","RADL3","24.05","1.1","2023-01-14 14:30:12","2023-01-14 14:30:12"
"486","2023-01-12","BAUH4","83.89","0","2023-01-14 14:30:12","2023-01-14 14:30:12"
"487","2023-01-12","PETZ3","6.31","0.3","2023-01-14 14:30:12","2023-01-14 14:30:12"
"488","2023-01-12","AMER3","2.72","22.9","2023-01-14 14:30:12","2023-01-14 14:30:12"
"489","2023-01-12","PDTC3","3.04","0","2023-01-14 14:30:12","2023-01-14 14:30:12"
"490","2023-01-12","LJQQ3","4.16","0","2023-01-14 14:30:12","2023-01-14 14:30:12"
"491","2023-01-12","NGRD3","1.57","0.9","2023-01-14 14:30:12","2023-01-14 14:30:12"
"492","2023-01-12","IGTI3","2.68","1","2023-01-14 14:30:12","2023-01-14 14:30:12"
"493","2023-01-12","LWSA3","6.5","0","2023-01-14 14:30:12","2023-01-14 14:30:12"
"494","2023-01-12","ITSA4","8.7","6.4","2023-01-14 14:30:12","2023-01-14 14:30:12"
"495","2023-01-10","RPAD6","6.56","0","2023-01-14 14:30:12","2023-01-14 14:30:12"
"496","2023-01-13","ELET6","43.27","2.4","2023-01-14 14:30:12","2023-01-14 14:30:12"
"497","2023-01-13","CEBR6","10.4","37.5","2023-01-14 14:30:12","2023-01-14 14:30:12"
"498","2023-01-13","UNIP6","81.4","16.8","2023-01-14 14:30:12","2023-01-14 14:30:12"
"499","2023-01-13","CSRN6","22","20.1","2023-01-14 14:30:12","2023-01-14 14:30:12"
"500","2023-01-13","BRKM6","23","0","2023-01-14 14:30:12","2023-01-14 14:30:12"
"501","2023-01-13","CPLE6","7.78","11.4","2023-01-14 14:30:12","2023-01-14 14:30:12"
"502","2023-01-13","SNSY5","3","0","2023-01-14 14:30:12","2023-01-14 14:30:12"
"503","2023-01-13","CGAS5","128","12","2023-01-14 14:30:12","2023-01-14 14:30:12"
"504","2023-01-13","COCE5","45","4.3","2023-01-14 14:30:12","2023-01-14 14:30:12"
"505","2023-01-13","RAIZ4","3.34","4.4","2023-01-14 14:30:12","2023-01-14 14:30:12"
"506","2023-01-13","TXRX4","3.98","0","2023-01-14 14:30:12","2023-01-14 14:30:12"
"507","2023-01-13","RNEW4","2.02","0","2023-01-14 14:30:12","2023-01-14 14:30:12"
"508","2023-01-13","AZEV4","1.7","0","2023-01-14 14:30:12","2023-01-14 14:30:12"
"509","2023-01-13","GOAU4","14.1","9.3","2023-01-14 14:30:12","2023-01-14 14:30:12"
"510","2023-01-13","RAPT4","8.27","10.4","2023-01-14 14:30:12","2023-01-14 14:30:12"
"511","2023-01-13","HOOT4","1.19","0","2023-01-14 14:30:12","2023-01-14 14:30:12"
"512","2023-01-13","PTNT4","6.59","4.8","2023-01-14 14:30:12","2023-01-14 14:30:12"
"513","2023-01-13","EALT4","6.82","18.4","2023-01-14 14:30:12","2023-01-14 14:30:12"
"514","2023-01-13","MWET4","9.51","0","2023-01-14 14:30:12","2023-01-14 14:30:12"
"515","2023-01-13","ESTR4","39.99","0","2023-01-14 14:30:12","2023-01-14 14:30:12"
"516","2023-01-13","PETR4","24.57","68.1","2023-01-14 14:30:12","2023-01-14 14:30:12"
"517","2023-01-13","SAPR4","3.46","8.9","2023-01-14 14:30:12","2023-01-14 14:30:12"
"518","2023-01-13","BOBR4","1.18","0","2023-01-14 14:30:12","2023-01-14 14:30:12"
"519","2023-01-13","OIBR4","4.1","0","2023-01-14 14:30:12","2023-01-14 14:30:12"
"520","2023-01-13","GGBR4","32.43","11.5","2023-01-14 14:30:12","2023-01-14 14:30:12"
"521","2023-01-13","DEXP4","5.8","7","2023-01-14 14:30:12","2023-01-14 14:30:12"
"522","2023-01-13","ALUP4","9.4","4.4","2023-01-14 14:30:12","2023-01-14 14:30:12"
"523","2023-01-13","INEP4","1.22","0","2023-01-14 14:30:12","2023-01-14 14:30:12"
"524","2023-01-13","POMO4","2.87","4.9","2023-01-14 14:30:12","2023-01-14 14:30:12"
"525","2023-01-13","TFCO4","10.75","1.7","2023-01-14 14:30:12","2023-01-14 14:30:12"
"526","2023-01-13","KLBN4","4.02","7.5","2023-01-14 14:30:12","2023-01-14 14:30:12"
"527","2023-01-13","CTNM4","1.79","0","2023-01-14 14:30:12","2023-01-14 14:30:12"
"528","2023-01-13","WLMM4","17.5","6.8","2023-01-14 14:30:12","2023-01-14 14:30:12"
"529","2023-01-13","AZUL4","11.66","0","2023-01-14 14:30:12","2023-01-14 14:30:12"
"530","2023-01-13","RSUL4","58","3.4","2023-01-14 14:30:12","2023-01-14 14:30:12"
"531","2023-01-13","SHUL4","4.98","4.3","2023-01-14 14:30:12","2023-01-14 14:30:12"
"532","2023-01-13","RCSL4","0.58","0","2023-01-14 14:30:12","2023-01-14 14:30:12"
"533","2023-01-13","WHRL4","4.88","4.2","2023-01-14 14:30:12","2023-01-14 14:30:12"
"534","2023-01-13","TRPL4","22.5","4.7","2023-01-14 14:30:12","2023-01-14 14:30:12"
"535","2023-01-13","GOLL4","7.9","0","2023-01-14 14:30:12","2023-01-14 14:30:12"
"536","2023-01-13","BDLL4","9","0","2023-01-14 14:30:12","2023-01-14 14:30:12"
"537","2023-01-13","DOHL4","4.3","3.1","2023-01-14 14:30:12","2023-01-14 14:30:12"
"538","2023-01-13","ENGI4","7.34","3.2","2023-01-14 14:30:12","2023-01-14 14:30:12"
"539","2023-01-13","CMIG4","11.42","11.9","2023-01-14 14:30:12","2023-01-14 14:30:12"
"540","2023-01-13","TAEE4","11.67","17.7","2023-01-14 14:30:12","2023-01-14 14:30:12"
"541","2023-01-13","EMAE4","65.49","1.3","2023-01-14 14:30:12","2023-01-14 14:30:12"
"542","2023-01-13","SLED4","1.85","0","2023-01-14 14:30:12","2023-01-14 14:30:12"
"543","2023-01-13","CLSC4","52.98","6.2","2023-01-14 14:30:12","2023-01-14 14:30:12"
"544","2023-01-13","TELB4","10.19","0","2023-01-14 14:30:12","2023-01-14 14:30:12"
"545","2023-01-13","MTSA4","40.42","6.6","2023-01-14 14:30:12","2023-01-14 14:30:12"
"546","2023-01-13","ITSA4","8.63","6.5","2023-01-14 14:30:12","2023-01-14 14:30:12"
"547","2023-01-13","CTSA4","1.61","14.8","2023-01-14 14:30:12","2023-01-14 14:30:12"
"548","2023-01-13","FESA4","55.12","9.8","2023-01-14 14:30:12","2023-01-14 14:30:12"
"549","2023-01-13","TASA4","12.84","11.9","2023-01-14 14:30:12","2023-01-14 14:30:12"
"550","2023-01-13","CGRA4","29.05","11.7","2023-01-14 14:30:12","2023-01-14 14:30:12"
"551","2023-01-13","ALPA4","13.62","0","2023-01-14 14:30:12","2023-01-14 14:30:12"
"552","2023-01-13","GEPA4","25.41","9.4","2023-01-14 14:30:12","2023-01-14 14:30:12"
"553","2023-01-13","CTKA4","10","0","2023-01-14 14:30:12","2023-01-14 14:30:12"
"554","2023-01-13","HAGA4","1.13","0","2023-01-14 14:30:12","2023-01-14 14:30:12"
"555","2023-01-13","EUCA4","7.45","10.6","2023-01-14 14:30:12","2023-01-14 14:30:12"
"556","2023-01-13","ARZZ3","78.75","2.3","2023-01-14 14:30:12","2023-01-14 14:30:12"
"557","2023-01-13","DOTZ3","1.27","0","2023-01-14 14:30:12","2023-01-14 14:30:12"
"558","2023-01-13","PETZ3","6.17","0.4","2023-01-14 14:30:12","2023-01-14 14:30:12"
"559","2023-01-13","AGXY3","9.55","1.8","2023-01-14 14:30:12","2023-01-14 14:30:12"
"560","2023-01-13","CURY3","12.54","4.1","2023-01-14 14:30:12","2023-01-14 14:30:12"
"561","2023-01-13","FLRY3","15.18","5.7","2023-01-14 14:30:12","2023-01-14 14:30:12"
"562","2023-01-13","TUPY3","26.56","1.7","2023-01-14 14:30:12","2023-01-14 14:30:12"
"563","2023-01-13","MBLY3","3.36","0","2023-01-14 14:30:12","2023-01-14 14:30:12"
"564","2023-01-13","SHOW3","2.32","0","2023-01-14 14:30:12","2023-01-14 14:30:12"
"565","2023-01-13","LAVV3","5.06","12.2","2023-01-14 14:30:12","2023-01-14 14:30:12"
"566","2023-01-13","ODPV3","9.97","3.1","2023-01-14 14:30:12","2023-01-14 14:30:12"
"567","2023-01-13","HAPV3","4.25","0","2023-01-14 14:30:12","2023-01-14 14:30:12"
"568","2023-01-13","ENEV3","12.6","0","2023-01-14 14:30:12","2023-01-14 14:30:12"
"569","2023-01-13","ABEV3","13.88","5.5","2023-01-14 14:30:12","2023-01-14 14:30:12"
"570","2023-01-13","MGLU3","3.43","0","2023-01-14 14:30:12","2023-01-14 14:30:12"
"571","2023-01-13","ENJU3","1.08","0","2023-01-14 14:30:12","2023-01-14 14:30:12"
"572","2023-01-13","BLAU3","27.18","3.1","2023-01-14 14:30:12","2023-01-14 14:30:12"
"573","2023-01-13","VIVT3","38.13","8","2023-01-14 14:30:12","2023-01-14 14:30:12"
"574","2023-01-13","VITT3","11.63","3.1","2023-01-14 14:30:12","2023-01-14 14:30:12"
"575","2023-01-13","WEST3","0.97","0","2023-01-14 14:30:12","2023-01-14 14:30:12"
"576","2023-01-13","RENT3","53.71","2.2","2023-01-14 14:30:12","2023-01-14 14:30:12"
"577","2023-01-13","MULT3","21.91","3.3","2023-01-14 14:30:12","2023-01-14 14:30:12"
"578","2023-01-13","LIGT3","4.44","5.7","2023-01-14 14:30:12","2023-01-14 14:30:12"
"579","2023-01-13","SMFT3","14.89","0","2023-01-14 14:30:12","2023-01-14 14:30:12"
"580","2023-01-13","ENAT3","14.25","12","2023-01-14 14:30:12","2023-01-14 14:30:12"
"581","2023-01-13","GMAT3","6.4","0","2023-01-14 14:30:12","2023-01-14 14:30:12"
"582","2023-01-13","WIZS3","6.88","8.5","2023-01-14 14:30:12","2023-01-14 14:30:12"
"583","2023-01-13","TOTS3","28.16","1.1","2023-01-14 14:30:12","2023-01-14 14:30:12"
"584","2023-01-13","JBSS3","21.5","9.4","2023-01-14 14:30:12","2023-01-14 14:30:12"
"585","2023-01-13","SGPS3","1.19","0","2023-01-14 14:30:12","2023-01-14 14:30:12"
"586","2023-01-13","TIMS3","11.63","5","2023-01-14 14:30:12","2023-01-14 14:30:12"
"587","2023-01-13","MILS3","9.69","2.7","2023-01-14 14:30:12","2023-01-14 14:30:12"
"588","2023-01-13","BMKS3","315","5.7","2023-01-14 14:30:12","2023-01-14 14:30:12"
"589","2023-01-13","TRIS3","3.54","6.2","2023-01-14 14:30:12","2023-01-14 14:30:12"
"590","2023-01-13","TPIS3","0.93","2","2023-01-14 14:30:12","2023-01-14 14:30:12"
"591","2023-01-13","LLIS3","1.68","0","2023-01-14 14:30:12","2023-01-14 14:30:12"
"592","2023-01-13","BRFS3","8","0","2023-01-14 14:30:12","2023-01-14 14:30:12"
"593","2023-01-13","FRAS3","9.25","3.8","2023-01-14 14:30:12","2023-01-14 14:30:12"
"594","2023-01-13","BOAS3","7.79","3.4","2023-01-14 14:30:12","2023-01-14 14:30:12"
"595","2023-01-13","PLAS3","9.59","0","2023-01-14 14:30:12","2023-01-14 14:30:12"
"596","2023-01-13","UCAS3","2.42","7.5","2023-01-14 14:30:12","2023-01-14 14:30:12"
"597","2023-01-13","ORVR3","35.9","0","2023-01-14 14:30:12","2023-01-14 14:30:12"
"598","2023-01-13","VIVR3","0.51","0","2023-01-14 14:30:12","2023-01-14 14:30:12"
"599","2023-01-13","DIRR3","14.81","7.9","2023-01-14 14:30:12","2023-01-14 14:30:12"
"600","2023-01-13","BRPR3","6.07","41.7","2023-01-14 14:30:12","2023-01-14 14:30:12"
"601","2023-01-13","MNPR3","5.91","0","2023-01-14 14:30:12","2023-01-14 14:30:12"
"602","2023-01-13","RDOR3","26.3","1.4","2023-01-14 14:30:12","2023-01-14 14:30:12"
"603","2023-01-13","ECOR3","4.47","0.2","2023-01-14 14:30:12","2023-01-14 14:30:12"
"604","2023-01-13","HBOR3","2.23","8.1","2023-01-14 14:30:12","2023-01-14 14:30:12"
"605","2023-01-13","PRNR3","7.96","3.7","2023-01-14 14:30:12","2023-01-14 14:30:12"
"606","2023-01-13","AALR3","20.9","0","2023-01-14 14:30:12","2023-01-14 14:30:12"
"607","2023-01-13","PDGR3","0.17","0","2023-01-14 14:30:12","2023-01-14 14:30:12"
"608","2023-01-13","ETER3","11.73","8.5","2023-01-14 14:30:12","2023-01-14 14:30:12"
"609","2023-01-13","APER3","28.2","0.2","2023-01-14 14:30:12","2023-01-14 14:30:12"
"610","2023-01-13","AMER3","3.15","19.8","2023-01-14 14:30:12","2023-01-14 14:30:12"
"611","2023-01-13","FHER3","17.33","0","2023-01-14 14:30:12","2023-01-14 14:30:12"
"612","2023-01-13","SEER3","4.27","0","2023-01-14 14:30:12","2023-01-14 14:30:12"
"613","2023-01-13","ENBR3","19.74","12.9","2023-01-14 14:30:12","2023-01-14 14:30:12"
"614","2023-01-13","EMBR3","15.75","0","2023-01-14 14:30:12","2023-01-14 14:30:12"
"615","2023-01-13","IGBR3","37","0","2023-01-14 14:30:12","2023-01-14 14:30:12"
"616","2023-01-13","VBBR3","14.77","5.8","2023-01-14 14:30:12","2023-01-14 14:30:12"
"617","2023-01-13","GUAR3","5.39","2.6","2023-01-14 14:30:12","2023-01-14 14:30:12"
"618","2023-01-13","GPAR3","45","50.5","2023-01-14 14:30:12","2023-01-14 14:30:12"
"619","2023-01-13","EPAR3","9.55","0","2023-01-14 14:30:12","2023-01-14 14:30:12"
"620","2023-01-13","MOAR3","449.99","3.3","2023-01-14 14:30:12","2023-01-14 14:30:12"
"621","2023-01-13","AMAR3","1.3","0","2023-01-14 14:30:12","2023-01-14 14:30:12"
"622","2023-01-13","SCAR3","16.26","0.9","2023-01-14 14:30:12","2023-01-14 14:30:12"
"623","2023-01-13","PCAR3","18.38","1.9","2023-01-14 14:30:12","2023-01-14 14:30:12"
"624","2023-01-13","YDUQ3","9.26","1.4","2023-01-14 14:30:12","2023-01-14 14:30:12"
"625","2023-01-13","LJQQ3","3.99","0","2023-01-14 14:30:12","2023-01-14 14:30:12"
"626","2023-01-13","NEXP3","0.31","0","2023-01-14 14:30:12","2023-01-14 14:30:12"
"627","2023-01-13","SBSP3","54.7","1.7","2023-01-14 14:30:12","2023-01-14 14:30:12"
"628","2023-01-13","RRRP3","44.21","0","2023-01-14 14:30:12","2023-01-14 14:30:12"
"629","2023-01-13","ATMP3","1.3","0","2023-01-14 14:30:12","2023-01-14 14:30:12"
"630","2023-01-13","ZAMP3","5.42","0","2023-01-14 14:30:12","2023-01-14 14:30:12"
"631","2023-01-13","STBP3","8.39","7.9","2023-01-14 14:30:12","2023-01-14 14:30:12"
"632","2023-01-13","AMBP3","21.18","1.4","2023-01-14 14:30:12","2023-01-14 14:30:12"
"633","2023-01-13","SMTO3","22.4","5.1","2023-01-14 14:30:12","2023-01-14 14:30:12"
"634","2023-01-13","ALSO3","17.66","1","2023-01-14 14:30:12","2023-01-14 14:30:12"
"635","2023-01-13","AGRO3","28.3","18.6","2023-01-14 14:30:12","2023-01-14 14:30:12"
"636","2023-01-13","CCRO3","11.48","3.3","2023-01-14 14:30:12","2023-01-14 14:30:12"
"637","2023-01-13","VAMO3","12.86","2","2023-01-14 14:30:12","2023-01-14 14:30:12"
"638","2023-01-13","PRIO3","39.05","0","2023-01-14 14:30:12","2023-01-14 14:30:12"
"639","2023-01-13","DXCO3","6.94","4.3","2023-01-14 14:30:12","2023-01-14 14:30:12"
"640","2023-01-13","NTCO3","12.24","1.1","2023-01-14 14:30:12","2023-01-14 14:30:12"
"641","2023-01-13","PGMN3","4.3","0","2023-01-14 14:30:12","2023-01-14 14:30:12"
"642","2023-01-13","CMIN3","4.58","20.3","2023-01-14 14:30:12","2023-01-14 14:30:12"
"643","2023-01-13","LOGN3","34.22","0","2023-01-14 14:30:12","2023-01-14 14:30:12"
"644","2023-01-13","COGN3","2.14","0","2023-01-14 14:30:12","2023-01-14 14:30:12"
"645","2023-01-13","EVEN3","4.77","3.1","2023-01-14 14:30:12","2023-01-14 14:30:12"
"646","2023-01-13","LREN3","20.14","3.3","2023-01-14 14:30:12","2023-01-14 14:30:12"
"647","2023-01-13","JFEN3","0.7","0","2023-01-14 14:30:12","2023-01-14 14:30:12"
"648","2023-01-13","TECN3","2.44","3.5","2023-01-14 14:30:12","2023-01-14 14:30:12"
"649","2023-01-13","CSAN3","17.14","2.5","2023-01-14 14:30:12","2023-01-14 14:30:12"
"650","2023-01-13","PFRM3","3.35","5.2","2023-01-14 14:30:12","2023-01-14 14:30:12"
"651","2023-01-13","ATOM3","2.37","2.6","2023-01-14 14:30:12","2023-01-14 14:30:12"
"652","2023-01-13","BIOM3","6.2","0","2023-01-14 14:30:12","2023-01-14 14:30:12"
"653","2023-01-13","ANIM3","3.78","0","2023-01-14 14:30:12","2023-01-14 14:30:12"
"654","2023-01-13","PMAM3","5.96","0","2023-01-14 14:30:12","2023-01-14 14:30:12"
"655","2023-01-13","PNVL3","10.11","2.2","2023-01-14 14:30:12","2023-01-14 14:30:12"
"656","2023-01-13","EQTL3","27.08","2.4","2023-01-14 14:30:12","2023-01-14 14:30:12"
"657","2023-01-13","SEQL3","3.51","0","2023-01-14 14:30:12","2023-01-14 14:30:12"
"658","2023-01-13","PLPL3","4.16","3.9","2023-01-14 14:30:12","2023-01-14 14:30:12"
"659","2023-01-13","KEPL3","20.14","10","2023-01-14 14:30:12","2023-01-14 14:30:12"
"660","2023-01-13","ARML3","11.63","3.5","2023-01-14 14:30:12","2023-01-14 14:30:12"
"661","2023-01-13","CAML3","7.2","5.1","2023-01-14 14:30:12","2023-01-14 14:30:12"
"662","2023-01-13","JALL3","7.07","2.5","2023-01-14 14:30:12","2023-01-14 14:30:12"
"663","2023-01-13","RAIL3","18.37","0.1","2023-01-14 14:30:12","2023-01-14 14:30:12"
"664","2023-01-13","CIEL3","4.81","5.2","2023-01-14 14:30:12","2023-01-14 14:30:12"
"665","2023-01-13","MNDL3","40","0","2023-01-14 14:30:12","2023-01-14 14:30:12"
"666","2023-01-13","RADL3","23.98","1.1","2023-01-14 14:30:12","2023-01-14 14:30:12"
"667","2023-01-13","PTBL3","7.56","4.4","2023-01-14 14:30:12","2023-01-14 14:30:12"
"668","2023-01-13","QUAL3","6.18","4.1","2023-01-14 14:30:12","2023-01-14 14:30:12"
"669","2023-01-13","MEAL3","2.64","0","2023-01-14 14:30:12","2023-01-14 14:30:12"
"670","2023-01-13","MYPK3","10.79","7.7","2023-01-14 14:30:12","2023-01-14 14:30:12"
"671","2023-01-13","ALPK3","1.71","0","2023-01-14 14:30:12","2023-01-14 14:30:12"
"672","2023-01-13","MELK3","3.12","6.8","2023-01-14 14:30:12","2023-01-14 14:30:12"
"673","2023-01-13","MOVI3","7.47","19.4","2023-01-14 14:30:12","2023-01-14 14:30:12"
"674","2023-01-13","IGTI3","2.55","1","2023-01-14 14:30:12","2023-01-14 14:30:12"
"675","2023-01-13","POSI3","7.56","4.5","2023-01-14 14:30:12","2023-01-14 14:30:12"
"676","2023-01-13","AERI3","1.37","1.5","2023-01-14 14:30:12","2023-01-14 14:30:12"
"677","2023-01-13","RDNI3","6.21","0.9","2023-01-14 14:30:12","2023-01-14 14:30:12"
"678","2023-01-13","RANI3","7.9","8.4","2023-01-14 14:30:12","2023-01-14 14:30:12"
"679","2023-01-13","ROMI3","15.85","5.2","2023-01-14 14:30:12","2023-01-14 14:30:12"
"680","2023-01-05","CALI3","8.22","5.3","2023-01-14 14:30:12","2023-01-14 14:30:12"
"681","2023-01-12","BAHI3","10.7","0","2023-01-14 14:30:12","2023-01-14 14:30:12"
"682","2023-01-13","ASAI3","19.96","0.8","2023-01-14 14:30:12","2023-01-14 14:30:12"
"683","2023-01-13","CASH3","1.12","0","2023-01-14 14:30:12","2023-01-14 14:30:12"
"684","2023-01-13","SIMH3","6.91","9.4","2023-01-14 14:30:12","2023-01-14 14:30:12"
"685","2023-01-13","CSMG3","15.01","2.6","2023-01-14 14:30:12","2023-01-14 14:30:12"
"686","2023-01-13","RPMG3","1.62","0","2023-01-14 14:30:12","2023-01-14 14:30:12"
"687","2023-01-13","JSLG3","5.66","8","2023-01-14 14:30:12","2023-01-14 14:30:12"
"688","2023-01-13","LOGG3","15.15","5.7","2023-01-14 14:30:12","2023-01-14 14:30:12"
"689","2023-01-13","MRFG3","8.37","27.2","2023-01-14 14:30:12","2023-01-14 14:30:12"
"690","2023-01-13","SBFG3","10.94","1.1","2023-01-14 14:30:12","2023-01-14 14:30:12"
"691","2023-01-13","DMVF3","3.94","0","2023-01-14 14:30:12","2023-01-14 14:30:12"
"692","2023-01-13","JHSF3","4.76","4.4","2023-01-14 14:30:12","2023-01-14 14:30:12"
"693","2023-01-13","BEEF3","15.25","3.7","2023-01-14 14:30:12","2023-01-14 14:30:12"
"694","2023-01-13","MRVE3","7.19","5.5","2023-01-14 14:30:12","2023-01-14 14:30:12"
"695","2023-01-13","LEVE3","30.27","14.8","2023-01-14 14:30:12","2023-01-14 14:30:12"
"696","2023-01-13","CYRE3","13.76","4.1","2023-01-14 14:30:12","2023-01-14 14:30:12"
"697","2023-01-13","MTRE3","5","6.5","2023-01-14 14:30:12","2023-01-14 14:30:12"
"698","2023-01-13","HBRE3","4.45","0","2023-01-14 14:30:12","2023-01-14 14:30:12"
"699","2023-01-13","HYPE3","44.35","2.8","2023-01-14 14:30:12","2023-01-14 14:30:12"
"700","2023-01-13","NEOE3","14.75","6.2","2023-01-14 14:30:12","2023-01-14 14:30:12"
"701","2023-01-13","SYNE3","4","13.1","2023-01-14 14:30:12","2023-01-14 14:30:12"
"702","2023-01-13","MDNE3","5.58","0","2023-01-14 14:30:12","2023-01-14 14:30:12"
"703","2023-01-13","VALE3","93.82","8.4","2023-01-14 14:30:12","2023-01-14 14:30:12"
"704","2023-01-13","EGIE3","37.84","7.9","2023-01-14 14:30:12","2023-01-14 14:30:12"
"705","2023-01-13","WEGE3","38.97","1.3","2023-01-14 14:30:12","2023-01-14 14:30:12"
"706","2023-01-13","CPFE3","32.05","10.1","2023-01-14 14:30:12","2023-01-14 14:30:12"
"707","2023-01-13","CRDE3","15.21","0","2023-01-14 14:30:12","2023-01-14 14:30:12"
"708","2023-01-13","REDE3","5.49","9.5","2023-01-14 14:30:12","2023-01-14 14:30:12"
"709","2023-01-13","SLCE3","46.54","6","2023-01-14 14:30:12","2023-01-14 14:30:12"
"710","2023-01-13","CSUD3","11.41","8.2","2023-01-14 14:30:12","2023-01-14 14:30:12"
"711","2023-01-13","NGRD3","1.51","1","2023-01-14 14:30:12","2023-01-14 14:30:12"
"712","2023-01-13","PARD3","20.56","3.1","2023-01-14 14:30:12","2023-01-14 14:30:12"
"713","2023-01-13","GRND3","6.4","4.8","2023-01-14 14:30:12","2023-01-14 14:30:12"
"714","2023-01-13","TEND3","4.53","0","2023-01-14 14:30:12","2023-01-14 14:30:12"
"715","2023-01-13","ELMD3","11.73","0","2023-01-14 14:30:12","2023-01-14 14:30:12"
"716","2023-01-13","ALLD3","6.09","15.2","2023-01-14 14:30:12","2023-01-14 14:30:12"
"717","2023-01-13","RSID3","2.77","0","2023-01-14 14:30:12","2023-01-14 14:30:12"
"718","2023-01-13","VLID3","8.75","3.1","2023-01-14 14:30:12","2023-01-14 14:30:12"
"719","2023-01-13","CSED3","3.59","3.6","2023-01-14 14:30:12","2023-01-14 14:30:12"
"720","2023-01-13","EZTC3","13.2","6","2023-01-14 14:30:12","2023-01-14 14:30:12"
"721","2023-01-13","PDTC3","3","0","2023-01-14 14:30:12","2023-01-14 14:30:12"
"722","2023-01-13","VULC3","11.63","3.2","2023-01-14 14:30:12","2023-01-14 14:30:12"
"723","2023-01-13","SUZB3","50.43","6.2","2023-01-14 14:30:12","2023-01-14 14:30:12"
"724","2023-01-13","OSXB3","6.1","0","2023-01-14 14:30:12","2023-01-14 14:30:12"
"725","2023-01-13","INTB3","31.05","1.2","2023-01-14 14:30:12","2023-01-14 14:30:12"
"726","2023-01-13","LPSB3","2.11","3.6","2023-01-14 14:30:12","2023-01-14 14:30:12"
"727","2023-01-13","AESB3","9.4","0.9","2023-01-14 14:30:12","2023-01-14 14:30:12"
"728","2023-01-13","BMOB3","14.36","1.4","2023-01-14 14:30:12","2023-01-14 14:30:12"
"729","2023-01-13","CAMB3","6.55","2.9","2023-01-14 14:30:12","2023-01-14 14:30:12"
"730","2023-01-13","CRFB3","14.76","2.3","2023-01-14 14:30:12","2023-01-14 14:30:12"
"731","2023-01-13","CVCB3","4.6","0","2023-01-14 14:30:12","2023-01-14 14:30:12"
"732","2023-01-13","CEAB3","2.43","0","2023-01-14 14:30:12","2023-01-14 14:30:12"
"733","2023-01-13","VIVA3","20.98","0.3","2023-01-14 14:30:12","2023-01-14 14:30:12"
"734","2023-01-13","FRTA3","2.48","0","2023-01-14 14:30:12","2023-01-14 14:30:12"
"735","2023-01-13","LWSA3","6.46","0","2023-01-14 14:30:12","2023-01-14 14:30:12"
"736","2023-01-13","PSSA3","23.27","5","2023-01-14 14:30:12","2023-01-14 14:30:12"
"737","2023-01-13","OFSA3","26.5","2.6","2023-01-14 14:30:12","2023-01-14 14:30:12"
"738","2023-01-13","GFSA3","11.2","0","2023-01-14 14:30:12","2023-01-14 14:30:12"
"739","2023-01-13","TCSA3","2.84","0","2023-01-14 14:30:12","2023-01-14 14:30:12"
"740","2023-01-13","HBSA3","2.13","0","2023-01-14 14:30:12","2023-01-14 14:30:12"
"741","2023-01-13","DASA3","12.56","0.8","2023-01-14 14:30:12","2023-01-14 14:30:12"
"742","2023-01-13","B3SA3","13.16","3.7","2023-01-14 14:30:12","2023-01-14 14:30:12"
"743","2023-01-13","LUPA3","5.53","0","2023-01-14 14:30:12","2023-01-14 14:30:12"
"744","2023-01-13","ESPA3","1.37","0","2023-01-14 14:30:12","2023-01-14 14:30:12"
"745","2023-01-13","UGPA3","12.59","4.6","2023-01-14 14:30:12","2023-01-14 14:30:12"
"746","2023-01-13","CSNA3","16.89","14.3","2023-01-14 14:30:12","2023-01-14 14:30:12"
"747","2023-01-13","SOMA3","9.67","0.9","2023-01-14 14:30:12","2023-01-14 14:30:12"
"748","2023-01-13","TGMA3","18.57","6","2023-01-14 14:30:12","2023-01-14 14:30:12"
"749","2023-01-13","SOJA3","10.73","1","2023-01-14 14:30:12","2023-01-14 14:30:12"
"750","2023-01-13","SQIA3","15.36","0.4","2023-01-14 14:30:12","2023-01-14 14:30:12"
"751","2023-01-13","VIIA3","2.37","0","2023-01-14 14:30:12","2023-01-14 14:30:12"
"752","2023-01-13","MDIA3","35.03","5.6","2023-01-14 14:30:12","2023-01-14 14:30:12"
"753","2022-12-05","MRSA6B","23.06","2.2","2023-01-14 14:30:12","2023-01-14 14:30:12"
"754","2023-01-13","EQMA3B","23.9","8.5","2023-01-14 14:30:12","2023-01-14 14:30:12"
"755","2023-01-13","GPIV33","2.8","0","2023-01-14 14:30:12","2023-01-14 14:30:12"
"756","2023-01-13","AURA33","39","3.8","2023-01-14 14:30:12","2023-01-14 14:30:12"
